{
  "val": {
    "epoch": 15,
    "train_loss": 2.062322215396943,
    "val_loss": 2.184446007631848,
    "val_top1": 0.1863062814590085,
    "val_top3": 0.43901261807901815,
    "val_n": 14503
  },
  "test": {
    "loss": 2.1633368816680822,
    "top1": 0.18663816878102593,
    "top3": 0.4502206287920574,
    "n": 14504
  }
}