{
  "K": 10,
  "alpha": 0.5,
  "splits": {
    "train": 67821,
    "val": 14533,
    "test": 14534
  },
  "metrics": {
    "val_top1": 0.18676025323424167,
    "val_top3": 0.4377236443710432,
    "test_top1": 0.18268767632285143,
    "test_top3": 0.4412027798802725
  }
}